question,from_user,for_user,answer
How well did the employee communicate project updates?,jdoe@betterpharma.com,jsmith@betterpharma.com,"The employee has consistently provided clear and timely updates on their project's progress. They've also been responsive to questions and concerns, keeping the team informed and aligned."
How effectively did the employee meet regulatory compliance standards?,kmiller@betterpharma.com,rjohnson@betterpharma.com,The employee has demonstrated a thorough understanding of our regulatory requirements and has successfully implemented measures to ensure compliance. Their attention to detail is impressive.
Did the employee demonstrate leadership in driving team performance?,bpatel@betterpharma.com,afernandez@betterpharma.com,"The employee has shown great initiative and leadership skills, motivating their teammates to achieve their goals. Their positive attitude and encouragement have created a collaborative team environment."
How innovative was the employee in solving industry-specific problems?,ssingh@betterpharma.com,jlee@betterpharma.com,The employee has consistently demonstrated creativity and resourcefulness in addressing complex challenges. Their outside-the-box thinking has led to innovative solutions that have benefited the team.
Was the employee punctual and reliable in delivering tasks?,gchen@betterpharma.com,xwu@betterpharma.com,The employee has consistently met deadlines and delivered high-quality work. Their reliability and dependability have earned them the trust of their peers.
How effectively did the employee collaborate with team members?,mthomas@betterpharma.com,econtreras@betterpharma.com,"The employee has been an excellent team player, actively seeking input and feedback from their colleagues. Their collaborative approach has fostered a positive and productive work environment."
How well did the employee handle conflicting priorities?,nramirez@betterpharma.com,ltran@betterpharma.com,"The employee has shown great adaptability and prioritization skills, effectively managing multiple projects simultaneously. Their ability to remain focused under pressure is impressive."
How innovative was the employee in improving processes?,ychoi@betterpharma.com,dvasquez@betterpharma.com,"The employee has consistently demonstrated a willingness to improve and innovate, implementing new processes that have increased efficiency and productivity. Their enthusiasm for continuous improvement is contagious."
How effectively did the employee handle stress and pressure?,zli@betterpharma.com,hlopez@betterpharma.com,"The employee has shown remarkable resilience under pressure, maintaining their composure and focus even in high-stress situations. Their ability to manage anxiety is impressive."
